policy_unit,province,batch,level,wave,n_total,n_60plus
合肥市,安徽省,2,prefecture_city,2010,128,32
合肥市,安徽省,2,prefecture_city,2012,142,42
合肥市,安徽省,2,prefecture_city,2014,161,53
合肥市,安徽省,2,prefecture_city,2018,168,61
合肥市,安徽省,2,prefecture_city,2020,90,34
朝阳区,北京市,2,municipal_district,2010,0,0
朝阳区,北京市,2,municipal_district,2012,0,0
朝阳区,北京市,2,municipal_district,2014,0,0
朝阳区,北京市,2,municipal_district,2018,0,0
朝阳区,北京市,2,municipal_district,2020,0,0
东城区,北京市,1,municipal_district,2010,0,0
东城区,北京市,1,municipal_district,2012,0,0
东城区,北京市,1,municipal_district,2014,0,0
东城区,北京市,1,municipal_district,2018,0,0
东城区,北京市,1,municipal_district,2020,0,0
海淀区,北京市,1,municipal_district,2010,0,0
海淀区,北京市,1,municipal_district,2012,0,0
海淀区,北京市,1,municipal_district,2014,0,0
海淀区,北京市,1,municipal_district,2018,0,0
海淀区,北京市,1,municipal_district,2020,0,0
垫江县,重庆市,1,county,2010,0,0
垫江县,重庆市,1,county,2012,0,0
垫江县,重庆市,1,county,2014,0,0
垫江县,重庆市,1,county,2018,0,0
垫江县,重庆市,1,county,2020,0,0
九龙坡区,重庆市,1,municipal_district,2010,79,33
九龙坡区,重庆市,1,municipal_district,2012,87,35
九龙坡区,重庆市,1,municipal_district,2014,78,34
九龙坡区,重庆市,1,municipal_district,2018,96,46
九龙坡区,重庆市,1,municipal_district,2020,57,36
沙坪坝区,重庆市,2,municipal_district,2010,0,0
沙坪坝区,重庆市,2,municipal_district,2012,0,0
沙坪坝区,重庆市,2,municipal_district,2014,0,0
沙坪坝区,重庆市,2,municipal_district,2018,0,0
沙坪坝区,重庆市,2,municipal_district,2020,0,0
东莞市,广东省,1,prefecture_city,2010,144,14
东莞市,广东省,1,prefecture_city,2012,162,16
东莞市,广东省,1,prefecture_city,2014,200,26
东莞市,广东省,1,prefecture_city,2018,240,42
东莞市,广东省,1,prefecture_city,2020,216,30
广州市,广东省,2,sub_provincial_city,2010,251,50
广州市,广东省,2,sub_provincial_city,2012,218,52
广州市,广东省,2,sub_provincial_city,2014,222,65
广州市,广东省,2,sub_provincial_city,2018,304,102
广州市,广东省,2,sub_provincial_city,2020,212,56
江门市,广东省,1,prefecture_city,2010,70,9
江门市,广东省,1,prefecture_city,2012,65,12
江门市,广东省,1,prefecture_city,2014,77,16
江门市,广东省,1,prefecture_city,2018,74,15
江门市,广东省,1,prefecture_city,2020,46,9
陇南市,甘肃省,2,prefecture_city,2010,449,66
陇南市,甘肃省,2,prefecture_city,2012,539,88
陇南市,甘肃省,2,prefecture_city,2014,475,105
陇南市,甘肃省,2,prefecture_city,2018,519,122
陇南市,甘肃省,2,prefecture_city,2020,454,126
兰州市,甘肃省,1,prefecture_city,2010,287,39
兰州市,甘肃省,1,prefecture_city,2012,341,49
兰州市,甘肃省,1,prefecture_city,2014,354,64
兰州市,甘肃省,1,prefecture_city,2018,384,100
兰州市,甘肃省,1,prefecture_city,2020,248,69
庆阳市,甘肃省,1,prefecture_city,2010,201,34
庆阳市,甘肃省,1,prefecture_city,2012,244,41
庆阳市,甘肃省,1,prefecture_city,2014,258,59
庆阳市,甘肃省,1,prefecture_city,2018,246,70
庆阳市,甘肃省,1,prefecture_city,2020,180,44
遵义市,贵州省,2,prefecture_city,2010,95,29
遵义市,贵州省,2,prefecture_city,2012,110,32
遵义市,贵州省,2,prefecture_city,2014,95,36
遵义市,贵州省,2,prefecture_city,2018,92,34
遵义市,贵州省,2,prefecture_city,2020,105,45
洛阳市,河南省,1,prefecture_city,2010,164,38
洛阳市,河南省,1,prefecture_city,2012,193,46
洛阳市,河南省,1,prefecture_city,2014,202,62
洛阳市,河南省,1,prefecture_city,2018,200,69
洛阳市,河南省,1,prefecture_city,2020,124,49
郑州市,河南省,1,prefecture_city,2010,105,23
郑州市,河南省,1,prefecture_city,2012,127,28
郑州市,河南省,1,prefecture_city,2014,144,38
郑州市,河南省,1,prefecture_city,2018,139,43
郑州市,河南省,1,prefecture_city,2020,118,44
邯郸市,河北省,1,prefecture_city,2010,173,18
邯郸市,河北省,1,prefecture_city,2012,187,27
邯郸市,河北省,1,prefecture_city,2014,212,37
邯郸市,河北省,1,prefecture_city,2018,226,65
邯郸市,河北省,1,prefecture_city,2020,170,45
石家庄市,河北省,1,prefecture_city,2010,251,24
石家庄市,河北省,1,prefecture_city,2012,312,33
石家庄市,河北省,1,prefecture_city,2014,313,50
石家庄市,河北省,1,prefecture_city,2018,329,72
石家庄市,河北省,1,prefecture_city,2020,284,64
邢台市,河北省,2,prefecture_city,2010,195,28
邢台市,河北省,2,prefecture_city,2012,206,32
邢台市,河北省,2,prefecture_city,2014,211,42
邢台市,河北省,2,prefecture_city,2018,225,61
邢台市,河北省,2,prefecture_city,2020,205,54
哈尔滨市,黑龙江省,1,prefecture_city,2010,179,27
哈尔滨市,黑龙江省,1,prefecture_city,2012,176,30
哈尔滨市,黑龙江省,1,prefecture_city,2014,194,40
哈尔滨市,黑龙江省,1,prefecture_city,2018,202,69
哈尔滨市,黑龙江省,1,prefecture_city,2020,162,58
长沙市,湖南省,1,prefecture_city,2010,70,15
长沙市,湖南省,1,prefecture_city,2012,65,17
长沙市,湖南省,1,prefecture_city,2014,70,23
长沙市,湖南省,1,prefecture_city,2018,75,26
长沙市,湖南省,1,prefecture_city,2020,58,21
湘潭市,湖南省,1,prefecture_city,2010,106,21
湘潭市,湖南省,1,prefecture_city,2012,109,28
湘潭市,湖南省,1,prefecture_city,2014,111,32
湘潭市,湖南省,1,prefecture_city,2018,115,41
湘潭市,湖南省,1,prefecture_city,2020,97,37
岳阳市,湖南省,2,prefecture_city,2010,163,34
岳阳市,湖南省,2,prefecture_city,2012,184,29
岳阳市,湖南省,2,prefecture_city,2014,197,42
岳阳市,湖南省,2,prefecture_city,2018,193,58
岳阳市,湖南省,2,prefecture_city,2020,112,24
公主岭市,吉林省,2,county_level_city,2010,0,0
公主岭市,吉林省,2,county_level_city,2012,0,0
公主岭市,吉林省,2,county_level_city,2014,0,0
公主岭市,吉林省,2,county_level_city,2018,0,0
公主岭市,吉林省,2,county_level_city,2020,0,0
梅河口市,吉林省,2,county_level_city,2010,0,0
梅河口市,吉林省,2,county_level_city,2012,0,0
梅河口市,吉林省,2,county_level_city,2014,0,0
梅河口市,吉林省,2,county_level_city,2018,0,0
梅河口市,吉林省,2,county_level_city,2020,0,0
抚州市,江西省,2,prefecture_city,2010,152,25
抚州市,江西省,2,prefecture_city,2012,158,30
抚州市,江西省,2,prefecture_city,2014,145,45
抚州市,江西省,2,prefecture_city,2018,170,70
抚州市,江西省,2,prefecture_city,2020,131,43
赣州市,江西省,1,prefecture_city,2010,150,24
赣州市,江西省,1,prefecture_city,2012,200,25
赣州市,江西省,1,prefecture_city,2014,195,33
赣州市,江西省,1,prefecture_city,2018,200,53
赣州市,江西省,1,prefecture_city,2020,125,27
大连市,辽宁省,1,prefecture_city,2010,129,31
大连市,辽宁省,1,prefecture_city,2012,140,35
大连市,辽宁省,1,prefecture_city,2014,141,42
大连市,辽宁省,1,prefecture_city,2018,141,63
大连市,辽宁省,1,prefecture_city,2020,118,60
辽阳市,辽宁省,2,prefecture_city,2010,133,31
辽阳市,辽宁省,2,prefecture_city,2012,120,29
辽阳市,辽宁省,2,prefecture_city,2014,136,46
辽阳市,辽宁省,2,prefecture_city,2018,148,66
辽阳市,辽宁省,2,prefecture_city,2020,98,41
沈阳市,辽宁省,1,prefecture_city,2010,449,92
沈阳市,辽宁省,1,prefecture_city,2012,476,106
沈阳市,辽宁省,1,prefecture_city,2014,510,133
沈阳市,辽宁省,1,prefecture_city,2018,512,198
沈阳市,辽宁省,1,prefecture_city,2020,348,124
德阳市,四川省,2,prefecture_city,2010,164,27
德阳市,四川省,2,prefecture_city,2012,159,35
德阳市,四川省,2,prefecture_city,2014,166,50
德阳市,四川省,2,prefecture_city,2018,192,71
德阳市,四川省,2,prefecture_city,2020,99,33
广元市,四川省,2,prefecture_city,2010,164,38
广元市,四川省,2,prefecture_city,2012,141,45
广元市,四川省,2,prefecture_city,2014,149,58
广元市,四川省,2,prefecture_city,2018,170,87
广元市,四川省,2,prefecture_city,2020,114,58
烟台市,山东省,1,prefecture_city,2010,139,39
烟台市,山东省,1,prefecture_city,2012,155,50
烟台市,山东省,1,prefecture_city,2014,158,63
烟台市,山东省,1,prefecture_city,2018,158,76
烟台市,山东省,1,prefecture_city,2020,114,49
普陀区,上海市,1,municipal_district,2010,46,17
普陀区,上海市,1,municipal_district,2012,36,18
普陀区,上海市,1,municipal_district,2014,42,24
普陀区,上海市,1,municipal_district,2018,52,29
普陀区,上海市,1,municipal_district,2020,16,7
松江区,上海市,2,municipal_district,2010,197,58
松江区,上海市,2,municipal_district,2012,182,60
松江区,上海市,2,municipal_district,2014,219,81
松江区,上海市,2,municipal_district,2018,219,100
松江区,上海市,2,municipal_district,2020,155,70
徐汇区,上海市,1,municipal_district,2010,56,15
徐汇区,上海市,1,municipal_district,2012,51,16
徐汇区,上海市,1,municipal_district,2014,51,17
徐汇区,上海市,1,municipal_district,2018,37,16
徐汇区,上海市,1,municipal_district,2020,27,15
大同市,山西省,1,prefecture_city,2010,149,22
大同市,山西省,1,prefecture_city,2012,176,29
大同市,山西省,1,prefecture_city,2014,178,44
大同市,山西省,1,prefecture_city,2018,166,56
大同市,山西省,1,prefecture_city,2020,159,51
吕梁市,山西省,2,prefecture_city,2010,179,41
吕梁市,山西省,2,prefecture_city,2012,153,40
吕梁市,山西省,2,prefecture_city,2014,189,54
吕梁市,山西省,2,prefecture_city,2018,210,76
吕梁市,山西省,2,prefecture_city,2020,167,73
太原市,山西省,1,prefecture_city,2010,64,15
太原市,山西省,1,prefecture_city,2012,71,18
太原市,山西省,1,prefecture_city,2014,73,19
太原市,山西省,1,prefecture_city,2018,71,20
太原市,山西省,1,prefecture_city,2020,56,14
西安市,陕西省,2,sub_provincial_city,2010,158,39
西安市,陕西省,2,sub_provincial_city,2012,165,43
西安市,陕西省,2,sub_provincial_city,2014,169,49
西安市,陕西省,2,sub_provincial_city,2018,174,61
西安市,陕西省,2,sub_provincial_city,2020,133,44
北辰区,天津市,2,municipal_district,2010,0,0
北辰区,天津市,2,municipal_district,2012,0,0
北辰区,天津市,2,municipal_district,2014,0,0
北辰区,天津市,2,municipal_district,2018,0,0
北辰区,天津市,2,municipal_district,2020,0,0
津南区,天津市,2,municipal_district,2010,0,0
津南区,天津市,2,municipal_district,2012,0,0
津南区,天津市,2,municipal_district,2014,0,0
津南区,天津市,2,municipal_district,2018,0,0
津南区,天津市,2,municipal_district,2020,0,0
南开区,天津市,2,municipal_district,2010,0,0
南开区,天津市,2,municipal_district,2012,0,0
南开区,天津市,2,municipal_district,2014,0,0
南开区,天津市,2,municipal_district,2018,0,0
南开区,天津市,2,municipal_district,2020,0,0
杭州市,浙江省,1,prefecture_city,2010,122,22
杭州市,浙江省,1,prefecture_city,2012,139,30
杭州市,浙江省,1,prefecture_city,2014,124,37
杭州市,浙江省,1,prefecture_city,2018,159,47
杭州市,浙江省,1,prefecture_city,2020,41,13
